name,mobile,panchayat,taluka,district
परशुराम नामदेव पवार,9049254300,Dhawadshi,Satara,Satara
दुर्गा श्रिरंग वायकर ,7499003828,Nigudmal,Satara,Satara
Nitin Hanvanata Panjarkar,9028239008,Pimpalgaon Sonara,Sindkhed Raja,Buldhana
तुकाराम सोपान राऊत,9133507555,Ganeshwadi,Khatav,Satara
संतोष मारुति जाधव,9527059080,Ninam,Satara,Satara
ज्ञानेश्वर गणपत अडागळे ,9960561227,Kari,Satara,Satara
अश्विनी अनिकेत साळुंखे ,7447253223,Pateshvarnagar,Satara,Satara
रोहिदास सोनवणे ,9545549335,Pimpale,Indapur,Pune
प्रगति दीपक कशिद ,9156306405,Kashil,Satara,Satara
अश्विनी संतोष प[र्टे,9561634085,Ashte-I,Satara,Satara
ज्ञनेश्वर कृष्णा  निकम ,9527220192,Yadavwadi,Satara,Satara
गणेश पोपट जंगम ,9011385830,Sayali Pu.,Satara,Satara
संजय सदाशिव खरात ,8973245555,KALAMB,Indapur,Pune
Vinod jaywant vasave,9313480944,Porabmi,Akkalkuwa,Nandurbar
HEMANT RAJARAM SHINDE,9022507702,Shindewadi,Satara,Satara
सचिन विजय चव्हाण ,9594668400,Maparwadi,Satara,Satara
रेष्मा नौशाद मुलाणी ,9158615833,Songaon S. Nimb,Satara,Satara
Vijay Navanath Kalbhor,7588384880,Ramkrishnagar,Satara,Satara
Kiran Govind Mane,7038931500,Shelgaon,Indapur,Pune
Priyanka yogesh sawant,7038195834,Nagewadi,Satara,Satara
विजय रामचंद्र शिरटावले,9757311266,Khadgaon,Satara,Satara
आनंदा श्रीमंत पवार,7350761291,Zarewadi,Satara,Satara
Sanjay Madhukar wayal,7620309646,Dhanora (Sa),Sindkhed Raja,Buldhana
प्रतुल हणमंत राऊत,9527828904,Parali,Satara,Satara
Sharad Ramanlal Pawar,9321053479,Jam,Shahada,Nandurbar
Dipali Dattatray Ghadge,8767866371,Bhasappachewadi,Satara,Satara
Jagdish Jaysing Jadhav,9730194112,Landewadi,Satara,Satara
Vinayak Pandurang lokhande,9359415003,Mankarwadi,Indapur,Pune
Aslam Ismail Makharani,7499071695,Kalthan No.2,Indapur,Pune
Suhas Shripad Joshi,9762317661,Anandnagar,Indapur,Pune
Kalpesh laxman patil,8975657082,Veruli Brud,Pachora,Jalgaon
प्रवीण शिवाजी वाघमळे ,7709575159,Kanher,Satara,Satara
Sanjivan Dattatray Ghadge,9850953611,Pawarwadi,Jaoli,Satara
विजय नामदेव ढाणे,9890044658,Padali,Satara,Satara
Durga Sanjay Sabale,9552489335,Shivthar,Satara,Satara
सविता उद्धव घाडगे,9657148696,Kameri,Satara,Satara
Dhanshree sagar chorge,9326897189,Samarthgaon,Satara,Satara
Anshul Sanjay Gaikwad,8605347938,Indavali T. Kudal,Jaoli,Satara
Pooja sachin bhosale,9130407384,Dhondewadi,Satara,Satara
Tushar Ganpat Hagvane,9657985257,Jakatwadi,Satara,Satara
Dhanashri Anil Deshmukh,7517769488,Nandgaon,Satara,Satara
संदीप शेषेराव कदम,9922722082,Bamni,Ardhapur,Nanded
बिपिन सीताराम चव्हाण,9922848099,Kamthi T Satara,Satara,Satara
Rekha Nitin Waghmode,9763619337,Khorochi,Indapur,Pune
Netaji Tanaji Ghorpade,8007227532,Jotibachiwadi,Satara,Satara
Omkar rohidas argade,8767771712,Jambhlewadi,Satara,Satara
छाया कृष्णदेव सणस,9209493307,Renawale,Satara,Satara
Gaurav balKrishna Nikam,9594707309,Rohot,Satara,Satara
Sarika Baburao Chorat,9011975288,Asgaon,Satara,Satara
UMESH TUKARAM DEOKAR,7350021632,Varkute Budruk,Indapur,Pune
Vishwanath baban ahire,9657294673,Goradkheda Kh.,Pachora,Jalgaon
Shamrao Govinda Shinde,9403346892,Shindewadi,Jaoli,Satara
सुभाष जगन्नाथ सपकाळ,9423317472,Bhambe,Patan,Satara
स्नेहल सुजीत घोलप ,7020845536,Kidgaon,Satara,Satara
विद्या तुकाराम मोरे ,9834515766,Petri,Satara,Satara
Kajal shrihari kadam,9021417204,Valase,Satara,Satara
वैभव बाळासाहेब महांगडे,9011888991,Pasarni,Wai,Satara
Nilkanth Bhojaram pawar,8975279400,Nagalgaon,Udgir,Latur
Chaitali Rajesh Devkar,8767882341,Banpuri,Khatav,Satara
Kishor balasaheb dhanawade,9594360057,Vivar,Jaoli,Satara
Shaliwan Yashwant Nikam.,9922707601,Pedgaon,Khatav,Satara
Mukund Bharathkumar Patil,9096873060,Bastwade,Tasgaon,Sangli
Pradeep Prabhudash Suryawanshi,9689782962,Mendipur,Tiroda,Gondia
सागर विलास अगुंडे ,9594770516,Agundewadi,Satara,Satara
Anilkumar Dayanand Patle,9011246790,Sitepar,Tiroda,Gondia
वर्षा जयकुमार चोरट ,8888492770,Kondhawali,Satara,Satara
Gajanan vithoba bhople,8080203687,Hanumantkheda,Jafrabad,Jalna
Rupram Jaglal Lilhare,8805453603,Bora,Tiroda,Gondia
Bapusaheb Rajaram pawar,8698874551,Dhanwadewadi,Satara,Satara
Valmik Vaman Sonwane,9199220347,Pungaon,Pachora,Jalgaon
Abhay Maruti Sankpal,9975809053,Awadwadi,Satara,Satara
Govinda Pandurang patil,8799990700,Goradkheda Brud,Pachora,Jalgaon
विश्वास पांडुरंग चव्हाण,9689623808,Ritkavali,Jaoli,Satara
Santosh Vaman Borse,7888290906,Chondhi,Sangrampur,Buldhana
Vanita dipak ombale,8788611941,Kendambe,Jaoli,Satara
Vijay lekhiram patle,8888984100,Bhajepar,Tiroda,Gondia
Lakhan Uttam Pawar,9922639392,Raigaon,Jaoli,Satara
Swapnali sachin shelar,7387357628,Mhasve,Satara,Satara
Raghunath laxman Jagtap,8652845755,Vavdare,Satara,Satara
Dnyaneshwar pira Patil,7020950280,Waghulkheda,Pachora,Jalgaon
Vikas Fulchand Dhurve,9823189101,Thanegaon,Tiroda,Gondia
Sagar sanjay marathe,9284160575,Pimpri Brud Pra Pa,Pachora,Jalgaon
Bhimrao Vasant Khare,9699952554,Mhasas,Pachora,Jalgaon
Ajay Hiraman Patil,7391996157,Sarwe Brud Pra Bha,Pachora,Jalgaon
Jema singa valvi,9022945482,Moramba,Akkalkuwa,Nandurbar
Purushottam Harsing Patil,7498351186,Vadgaon Kh.Pra.Bha.,Pachora,Jalgaon
स्वाती निलेश घोरपडे,7888164289,Tasgaon,Satara,Satara
Priyanka Santosh Autade,7350945143,Boratwadi,Indapur,Pune
शरद मुगुटराव केंजळे ,9890883542,Kenjal,Jaoli,Satara
गणपत दत्तू दळवी,8806423665,Nandgane,Jaoli,Satara
Ananda Tukaram Pakire,8999860400,Panas Pu,Jaoli,Satara
Aananda kondiba bhilare,9503060921,Kelaghar T. Medha,Jaoli,Satara
Shantaram chamarya padvi,7016879953,Rampur,Akkalkuwa,Nandurbar
Deepak kashinath jadhav,9764200652,Bhogavali T. Medha,Jaoli,Satara
Snehal Rahul Sapkal,7588220621,Anewadi,Jaoli,Satara
Govind Hardas Chavan,9420381478,Vadgaon Ambe Bk.,Pachora,Jalgaon
Vaibhav Ekanath patil,8308114610,Sarola Bk.,Pachora,Jalgaon
चंद्रकांत पांडुरंग पवार ,9011989016,Lawanghar,Satara,Satara
Raosaheb Dilip Patil,8329725696,Lohtar,Pachora,Jalgaon
राहुल सुरेश पिंपळे,7722040736,Kasarsthal,Satara,Satara
Chandrabhan vasantrao patil,9822749187,Nipane,Pachora,Jalgaon
Bhimrao Sahebrao More,9665860745,Tarkheda Brud,Pachora,Jalgaon
Sandesh Sudhakar Gaikwad,9156988155,Pachwad,Wai,Satara
SANGITA JANARDHAN POL,9699027044,Kavathe,Wai,Satara
Naresh Mahadevji Mandade,8668993491,Kulpa,Tiroda,Gondia
सत्तरसिंग पाच्या पाडवी,8468833861,Kuwa,Akkalkuwa,Nandurbar
Dipak Bhikan Bhoi,9561940392,Kurangi,Pachora,Jalgaon
योगेश शंकर जाधव,8108710369,Dhawade,Patan,Satara
Umesh Babarao Chandekar,9307372896,Kothoda Bu.,Korpana,Chandrapur
Kamalakar Shivajirao Bhoite,8275275841,Tadwale S.Wa.,Koregaon,Satara
रवींद्र आनंदराव गावडे,8600043675,Karshi Baramure,Jaoli,Satara
आनंदराव जिजाबा निकम,8767891377,Karandi T. Kudal,Jaoli,Satara
Akil Raju Tadvi,8830362030,Mondhale,Pachora,Jalgaon
दगडु शिवाजी केंद्रे,9657217705,Kendrewadi,Chakur,Latur
Shankar Baban Pawar,9881221549,Aabrang,Patan,Satara
सुनील भिकु जाधव,9867793865,Kumbhargani,Jaoli,Satara
Dinesh Bamnya Naik,8799109407,Kukadipadar,Akkalkuwa,Nandurbar
Sachin Jaysing Bhosale,7977673485,Shergaon,Wai,Satara
सरिता अमोल अरगडे ,7058317899,Jambhgaon,Satara,Satara
अशोक विश्वनाथ टेकाम,9173505145,Vadjapur,Wani,Yavatmal
Navnath Shrirang Deshmukh,9637822205,Kurun,Satara,Satara
Babulal Nandram Parihar,9049340551,Atri,Tiroda,Gondia
Rajendra Ramchandra Navghane,9552617459,Wasole,Satara,Satara
Ashok Kisan More,8605656491,Rajapuri,Satara,Satara
Jivan Tukaram Mane,7249728554,Mhaskarwadi,Satara,Satara
Kajal Ganesh Borate,9975798802,Sarjapur,Jaoli,Satara
Shamkant Rajendra patil,8698368788,Mohadi,Pachora,Jalgaon
ज्ञानेश्वरी सोनबा नरुटे,9420474952,Ajoti,Indapur,Pune
Gopal jaysing pardeshi,9923829541,Dambhurni,Pachora,Jalgaon
shivtej Anil pawar,7498801900,Nimgaon Ketki,Indapur,Pune
गोकुळ विष्णू कोळेकर,9763291988,Padsthal,Indapur,Pune
वनिता बाळू देवरे,7741043094,Katwadi Bk,Satara,Satara
Gorakhnath pandurang sapakal,7021430349,Gajawadi,Satara,Satara
Ganpat Dhondiba Parte,8007890577,Punwadi,Jaoli,Satara
Prakash Sukalal Patait,9975818216,Nandra,Pachora,Jalgaon
अमित सतिश फडतरे,9082751208,Apshinge,Koregaon,Satara
Atul Suresh patil,9764298190,Khajola,Pachora,Jalgaon
Gajanan Vishnu Nile,9545971039,Karatwadi,Chikhli,Buldhana
Rahul vishwanath nikam,9657001426,Kaloshi,Satara,Satara
Shreya Nitin Wangade,7028520268,Pimpri T. Medha,Jaoli,Satara
Anand Rajaram Bambaras,9423680243,Vadgaon,Satara,Satara
चंद्रकांत गेनू यादव ,8975981290,Karanje T. Parali,Satara,Satara
Dayanand Bhikoba Shelar,9881034132,Lagadwadi,Wai,Satara
Rahul Dashrath jadhav,9960718104,Shirsatwadi,Indapur,Pune
गजानन शांताराम हटकर,9359526771,Naiknagar,Pachora,Jalgaon
Vishnu Maruti Jadhav,7768896439,Gadewadi,Khatav,Satara
माधवी वैभव जाधव,7030227442,Nele,Satara,Satara
Mahesh popat raje,9960765394,Borgoan,Satara,Satara
Anil Rambhau Patil,9975371232,Wadi,Pachora,Jalgaon
Harshal Bhausaheb Patil,8779582143,Anturi Brud Pra Pa,Pachora,Jalgaon
Vijaya Vishal Kamble,8600643878,Ruighar,Jaoli,Satara
Atmaram Tukaram Pawar,8999079474,Varsade Pra Pa,Pachora,Jalgaon
नंदकिशोर किसना मोंढे,8888484835,Veltur,Savner,Nagpur
Vishnu Kailas Kadelakar,9766640414,Karwand,Chikhli,Buldhana
Salman Ilai Pathan,9175633913,Borul,Solapur South,Solapur
Ajay Pralhad Jatale,9689757538,Chikhali,Mangrulpir,Washim
Umesh Ramesh Dahe,7821873661,Sangwa Bu.,Daryapur,Amravati
Ram Madhukar Bharaskar,8975503863,Khokar,Shrirampur,Ahilyanagar
निलेश तानाजी चोरगे,9890281332,Varkhadwadi,Wai,Satara
Samadhan jagannath shivthare,9604590416,Kalambhe,Wai,Satara
Mangal Mahadu Dhangar,9975479443,Aakhatwade,Pachora,Jalgaon
ईश्वर हरी राठोड,7447571876,Satkund Tikaram,Kannad,Chhatrapati Sambhajinagar
DILIP DHONDU KOLI,9503514726,Kasampura,Pachora,Jalgaon
Anil Ramesh Mangate,8668356844,Borda,Parseoni,Nagpur
Manda Mohan Jadhav,7875434253,Gavhali,Kannad,Chhatrapati Sambhajinagar
Sunil Shivsing Chavan,9579383528,Jaitkheda Tanda,Kannad,Chhatrapati Sambhajinagar
शकुंतला लक्ष्मण भिलारे,7776092696,Nizare,Jaoli,Satara
Firojkha abbaskha pathan,9890578594,Rithhi,Kannad,Chhatrapati Sambhajinagar
Ashawini sunil bhise,7028749971,Nigadi Vandan,Satara,Satara
Prashant surendrasing pawar,9637135969,Vadgaon Mulane,Pachora,Jalgaon
कमलाकर गणपत कदम,9373450841,Dahyat,Wai,Satara
राजाराम नागोजी कुटे,9921563363,Shivani Bu.,Sengaon,Hingoli
Rakesh tayyaba badapure,8788371112,Kurulbaji,Satara,Satara
राजेंद्र दादासो पवार,9860419350,Wekhandwadi,Patan,Satara
Laxman zapu Kasdekar,8010883487,Biba,Chikhaldara,Amravati
Shankar madhavrao konghe,9527967494,Waichal Pimpri,Sengaon,Hingoli
Ajay kailas janjal,7773901080,Waki,Kannad,Chhatrapati Sambhajinagar
Mahadev Ramdhan Neharkar,9423877503,Dhavadi,Ambajogai,Beed
Govind Kisan Darane,9881929973,Jahagirdarwadi,Akola,Ahilyanagar
Dipak Vitthal Patil,7350404656,Anturli Kh.Pra.Lo.,Pachora,Jalgaon
Sandip Namdev Jagtap,8600902940,Nigadi,Koregaon,Satara
मंगेश रघुनाथ धुमाळ,7350574528,Wirmade,Wai,Satara
Amit jayant valvi,8668612293,Bhavanipada,Nandurbar,Nandurbar
विलास शंकर असवले,8411897491,Aaswalewadi,Patan,Satara
Dayanand shamrao Dhenge,9130726070,Nigave Khalasa,Karvir,Kolhapur
Shubhangi Yuvraj Chavan,9765258120,Boparde,Wai,Satara
Vaijnath nivrutti anjan,9767604048,Sangoan,Ambajogai,Beed
सपना कृष्णा यादव,9075622597,Ambewadi,Satara,Satara
Rajendra sarjerao more,9850413591,Duduskarwadi,Jaoli,Satara
Nitin suryakant More,9604798181,Bardapoor,Ambajogai,Beed
Mahesh Shivaji Mahadik,9689252749,Are T. Parali,Satara,Satara
Ashok Ambu Sambar,9209270747,Chalani,Dahanu,Palghar
Ashwini Sachin barge,9096423938,Sartale,Jaoli,Satara
शिवाजी हणमंतराव गोडसे ,9146607038,Dolegaon,Satara,Satara
Sachin Motilal Patil,9096014549,Vanegaon,Pachora,Jalgaon
Avinash Ganpati Waghmare,8080508440,Kumthe,Tasgaon,Sangli
दत्तात्रय नथू पवार,9226457641,Arphal,Satara,Satara
Soyab Shaikh Yunus Hardas,7387740966,Maheji,Pachora,Jalgaon
Ramesh bhimrao chate,8275706412,Warwati,Ambajogai,Beed
Rushikesh Nandkishor Patil,9049478092,Nachankheda,Pachora,Jalgaon
Komal Yuvraj Yewale,7350718508,Yashwantnagar,Wai,Satara
Anan Nagraj Gosavi,9623235820,Neri,Pachora,Jalgaon
संदीप महादेव बल्लाळ,8888756278,Kalashi,Indapur,Pune
Manmath Maruti Ire,8888415401,Pathan Mandwa,Ambajogai,Beed
Vikas sharad patil,8999780871,Rajuri Brud,Pachora,Jalgaon
Vinod daulatrao lokhande,9011603459,Dhanori,Chikhli,Buldhana
Pandurang Baliram Dandade,9579025812,Dongargaon,Chikhli,Buldhana
Dnyanoba Gangaram Maske,9309861743,Sonwala,Ambajogai,Beed
Shital ranjit patane,7057235570,Daswadi,Wai,Satara
Uddhavrao Kisanrao Kute,9307294166,Khairao,Chikhli,Buldhana
लक्ष्मी गोकुळ फाटके,8788010452,Galandwadi No. 1,Indapur,Pune
Shantaram Genu Lotekar,9921573484,Kus Budruk.,Satara,Satara
अश्विनी राजेंद्र जाधव,7028543168,Menwali,Wai,Satara
Dinesh Bhaskar Bhingare,7720833857,Sarwe Kh. Pra Lo,Pachora,Jalgaon
धनाजी शिवाजी कांबळे ,9130964007,Venegaon,Satara,Satara
ज्ञानेश्वर बाबुलाल पाटील,9921503328,Udhalod,Shahada,Nandurbar
राम गणपत तुपे,9404326081,Wasole,Wai,Satara
Mithun Shashikant Dolare,9657672595,Durgalwadi,Koregaon,Satara
Mahesh Tukaram Jadhav,9370658140,Ghadgewadi,Koregaon,Satara
Kishan Vyankatrao Ugale,8888033013,Patoda,Ambajogai,Beed
Aniket Suresh Jambhale,9890922672,Bhiwadi,Jaoli,Satara
Chandrakant Mahadev Mane,8830298108,Bhondwade,Satara,Satara
गितल प्रकाश वाडकर,8308311788,Vaigaon,Wai,Satara
Faruk Raheman Shaikh,9823387372,Bhambarwadi,Kannad,Chhatrapati Sambhajinagar
ANIKET SHAMRAO JADHAV,9146896797,Parkhandi,Wai,Satara
Kashinath shripati Dhanawade,9404835273,Karnje,Jaoli,Satara
श्रीनिवास घोरपडे ,9503875051,Khojewadi,Satara,Satara
Neeta dnyaneshwr Navsare,9021473034,Jarewadi,Jaoli,Satara
दयानंद खंडू सोनवणे,9881938341,Saigaon,Jaoli,Satara
VAIBHAV YUVRAJ KADAM,8999155447,Borane,Satara,Satara
Shubham sambhaji mane,9657142241,Limbachiwadi,Satara,Satara
Sairaj Dharmraj Ithape,8830476520,Dare Budruk,Satara,Satara
Saddhna sandip dete,9404527592,Kus Khurd.,Satara,Satara
Bajrang shantaram kadam,9922113463,Yekiv,Jaoli,Satara
संजय दिनकर यादव ,8767418326,Varne,Satara,Satara
