taluka,panchayat,name,mobile
Jaoli,Anewadi,Snehal Rahul Sapkal,7588220621
Jaoli,Bhiwadi,Aniket Suresh Jambhale,9890922672
Jaoli,Bhogavali T. Medha,Deepak kashinath jadhav,9764200652
Jaoli,Duduskarwadi,Rajendra sarjerao more,9850413591
Jaoli,Indavali T. Kudal,Anshul Sanjay Gaikwad,8605347938
Jaoli,Jarewadi,Neeta dnyaneshwr Navsare,9021473034
Jaoli,Karandi T. Kudal,आनंदराव जिजाबा निकम,8767891377
Jaoli,Karnje,Kashinath shripati Dhanawade,9404835273
Jaoli,Karshi Baramure,रवींद्र आनंदराव गावडे,8600043675
Jaoli,Kelaghar T. Medha,Aananda kondiba bhilare,9503060921
Jaoli,Kendambe,Vanita dipak ombale,8788611941
Jaoli,Kenjal,शरद मुगुटराव केंजळे,9890883542
Jaoli,Kumbhargani,सुनील भिकु जाधव,9867793865
Jaoli,Nandgane,गणपत दत्तू दळवी,8806423665
Jaoli,Nizare,शकुंतला लक्ष्मण भिलारे,7776092696
Jaoli,Panas Pu,Ananda Tukaram Pakire,8999860400
Jaoli,Pawarwadi,Sanjivan Dattatray Ghadge,9850953611
Jaoli,Pimpri T. Medha,Shreya Nitin Wangade,7028520268
Jaoli,Punwadi,Ganpat Dhondiba Parte,8007890577
Jaoli,Raigaon,Lakhan Uttam Pawar,9922639392
Jaoli,Ritkavali,विश्वास पांडुरंग चव्हाण,9689623808
Jaoli,Ruighar,Vijaya Vishal Kamble,8600643878
Jaoli,Saigaon,दयानंद खंडू सोनवणे,9881938341
Jaoli,Sarjapur,Kajal Ganesh Borate,9975798802
Jaoli,Sartale,Ashwini Sachin barge,9096423938
Jaoli,Shindewadi,Shamrao Govinda Shinde,9403346892
Jaoli,Vivar,Kishor balasaheb dhanawade,9594360057
Jaoli,Yekiv,Bajrang shantaram kadam,9922113463
Khatav,Banpuri,Chaitali Rajesh Devkar,8767882341
Khatav,Gadewadi,Vishnu Maruti Jadhav,7768896439
Khatav,Ganeshwadi,तुकाराम सोपान राऊत,9133507555
Khatav,Pedgaon,Shaliwan Yashwant Nikam.,9922707601
Koregaon,Apshinge,अमित सतिश फडतरे,9082751208
Koregaon,Durgalwadi,Mithun Shashikant Dolare,9657672595
Koregaon,Ghadgewadi,Mahesh Tukaram Jadhav,9370658140
Koregaon,Nigadi,Sandip Namdev Jagtap,8600902940
Koregaon,Tadwale S.Wa.,Kamalakar Shivajirao Bhoite,8275275841
Patan,Aabrang,Shankar Baban Pawar,9881221549
Patan,Aaswalewadi,विलास शंकर असवले,8411897491
Patan,Bhambe,सुभाष जगन्नाथ सपकाळ,9423317472
Patan,Dhawade,योगेश शंकर जाधव,8108710369
Patan,Wekhandwadi,राजेंद्र दादासो पवार,9860419350
Satara,Agundewadi,सागर विलास अगुंडे,9594770516
Satara,Ambewadi,सपना कृष्णा यादव,9075622597
Satara,Are T. Parali,Mahesh Shivaji Mahadik,9689252749
Satara,Arphal,दत्तात्रय नथू पवार,9226457641
Satara,Asgaon,सारिका बाबुराव चोरत,9011975288
Satara,Ashte-I,अश्विनी संतोष प[र्टे,9561634085
Satara,Awadwadi,Abhay Maruti Sankpal,9975809053
Satara,Bhasappachewadi,Dipali Dattatray Ghadge,8767866371
Satara,Bhondwade,Chandrakant Mahadev Mane,8830298108
Satara,Borane,VAIBHAV YUVRAJ KADAM,8999155447
Satara,Borgoan,Mahesh popat raje,9960765394
Satara,Choragewadi,नारायण निवृत्ती चोरगे,9689820019
Satara,Dare Budruk,Sairaj Dharmraj Ithape,8830476520
Satara,Degaon,विलास आबाजी सावंत,9665747745
Satara,Dhanwadewadi,Bapusaheb Rajaram pawar,8698874551
Satara,Dhawadshi,परशुराम नामदेव पवार,9049254300
Satara,Dhondewadi,Pooja sachin bhosale,9130407384
Satara,Dolegaon,शिवाजी हणमंतराव गोडसे,9146607038
Satara,Gajawadi,Gorakhnath pandurang sapakal,7021430349
Satara,Jakatwadi,Tushar Ganpat Hagvane,9657985257
Satara,Jambhgaon,सरिता अमोल अरगडे,7058317899
Satara,Jambhlewadi,Omkar rohidas argade,8767771712
Satara,Jawalwadi,आनंदराव फडतरे,7218395217
Satara,Jotibachiwadi,Netaji Tanaji Ghorpade,8007227532
Satara,Kaloshi,Rahul vishwanath nikam,9657001426
Satara,Kameri,सविता उद्धव घाडगे,9657148696
Satara,Kamthi T Satara,बिपिन सीताराम चव्हाण,9922848099
Satara,Kanher,प्रवीण शिवाजी वाघमळे,7709575159
Satara,Karanje T. Parali,चंद्रकांत गेनू यादव,8975981290
Satara,Kari,ज्ञानेश्वर गणपत अडागळे,9960561227
Satara,Kasarsthal,राहुल सुरेश पिंपळे,7722040736
Satara,Kashil,प्रगति दीपक कशिद,9156306405
Satara,Katwadi Bk,वनिता बाळू देवरे,7741043094
Satara,Khadgaon,विजय रामचंद्र शिरटावले,9757311266
Satara,khawali,विजय अंकुश शेलार,8999238596
Satara,Khojewadi,श्रीनिवास घोरपडे,9503875051
Satara,Kidgaon,स्नेहल सुजीत घोलप,7020845536
Satara,Kondhawali,वर्षा जयकुमार चोरट,8888492770
Satara,Kondve,ऋषिकेश गाडे,7038489660
Satara,Kurulbaji,Rakesh tayyaba badapure,8788371112
Satara,Kurun,Navnath Shrirang Deshmukh,9637822205
Satara,Kus Budruk.,Shantaram Genu Lotekar,9921573484
Satara,Kus Khurd.,Saddhna sandip dete,9404527592
Satara,Kushi,दिगंबर विष्णू शिंदे,8378067287
Satara,Landewadi,Jagdish Jaysing Jadhav,9730194112
Satara,Lawanghar,चंद्रकांत पांडुरंग पवार,9011989016
Satara,Limbachiwadi,Shubham sambhaji mane,9657142241
Satara,Mahagaon,विशाल अर्जुन गायकवाड,9763964307
Satara,Maparwadi,सचिन विजय चव्हाण,9594668400
Satara,Mhaskarwadi,Jivan Tukaram Mane,7249728554
Satara,Mhasve,Swapnali sachin shelar,7387357628
Satara,Nagewadi,Priyanka yogesh sawant,7038195834
Satara,Nandgaon,Dhanashri Anil Deshmukh,7517769488
Satara,Nele,माधवी वैभव जाधव,7030227442
Satara,Nigadi Vandan,Ashawini sunil bhise,7028749971
Satara,Nigudmal,दुर्गा श्रिरंग वायकर,7499003828
Satara,Ninam,संतोष मारुति जाधव,9527059080
Satara,Padali,विजय नामदेव ढाणे,9890044658
Satara,Parali,प्रतुल हणमंत राऊत,9527828904
Satara,Pateshvarnagar,अश्विनी अनिकेत साळुंखे,7447253223
Satara,Petri,विद्या तुकाराम मोरे,9834515766
Satara,Rajapuri,Ashok Kisan More,8605656491
Satara,Ramkrishnagar,Vijay Navanath Kalbhor,7588384880
Satara,Renawale,छाया कृष्णदेव सणस,9209493307
Satara,Rohot,Gaurav balKrishna Nikam,9594707309
Satara,Samarthgaon,Dhanshree sagar chorge,9326897189
Satara,Sayali Pu.,गणेश पोपट जंगम,9011385830
Satara,Shindewadi,HEMANT RAJARAM SHINDE,9022507702
Satara,Shivthar,Durga Sanjay Sabale,9552489335
Satara,Songaon S. Nimb,रेष्मा नौशाद मुलाणी,9158615833
Satara,Tasgaon,स्वाती निलेश घोरपडे,7888164289
Satara,Vadgaon,Anand Rajaram Bambaras,9423680243
Satara,Valase,Kajal shrihari kadam,9021417204
Satara,Varne,संजय दिनकर यादव,8767418326
Satara,Vavdare,Raghunath laxman Jagtap,8652845755
Satara,Venegaon,धनाजी शिवाजी कांबळे,9130964007
Satara,Wasole,Rajendra Ramchandra Navghane,9552617459
Satara,Yadavwadi,ज्ञनेश्वर कृष्णा निकम,9527220192
Satara,Zarewadi,आनंदा श्रीमंत पवार,7350761291
Wai,Boparde,Shubhangi Yuvraj Chavan,9765258120
Wai,Dahyat,कमलाकर गणपत कदम,9373450841
Wai,Daswadi,Shital ranjit patane,7057235570
Wai,Kalambhe,Samadhan jagannath shivthare,9604590416
Wai,Kavathe,SANGITA JANARDHAN POL,9699027044
Wai,Lagadwadi,Dayanand Bhikoba Shelar,9881034132
Wai,Menwali,अश्विनी राजेंद्र जाधव,7028543168
Wai,Pachwad,Sandesh Sudhakar Gaikwad,9156988155
Wai,Parkhandi,ANIKET SHAMRAO JADHAV,9146896797
Wai,Pasarni,वैभव बाळासाहेब महांगडे,9011888991
Wai,Shergaon,Sachin Jaysing Bhosale,7977673485
Wai,Vaigaon,गितल प्रकाश वाडकर,8308311788
Wai,Varkhadwadi,निलेश तानाजी चोरगे,9890281332
Wai,Wasole,राम गणपत तुपे,9404326081
Wai,Wirmade,मंगेश रघुनाथ धुमाळ,7350574528
Wai,Yashwantnagar,Komal Yuvraj Yewale,7350718508
